file,document_id,published,section,genre,authors,words,headline_en,url
2026-08-27_zuerich_suffering-fish-stranded-trucks-grounded-ships-state_ld10020811,10020811,2026-08-27,Zürich,,"Claudia Rey, Tobias Marti, Fabian Baumgartner",1840,"Suffering fish, stranded trucks, and grounded ships – how the state of emergency changes life on Lake Zurich",https://www.nzz.ch/zuerich/leidende-fische-stecken-gebliebene-lastwagen-und-aufgelaufene-schiffe-wie-der-ausnahmezustand-das-leben-am-zuerichsee-veraendert-ld.10020811
2026-08-27_zuerich_biggest-nuisance-urban-traffic-facing-axe-e_ld10021187,10021187,2026-08-27,Zürich,,Daniel Fritzsche,822,The biggest nuisance in urban traffic is facing the axe: The e-scooter,https://www.nzz.ch/zuerich/zuerich-verschaerft-regeln-fuer-e-trottinetts-neue-massnahmen-ld.10021187
2026-08-27_schweiz_switzerland-s-forgotten-passport_ld10014266,10014266,2026-08-27,Schweiz,,"Corina Gall, Münstertal",1977,Switzerland's forgotten passport,https://www.nzz.ch/schweiz/der-vergessene-pass-der-schweiz-ld.10014266
2026-08-27_meinung_good-news-younger-generation-social-networks-finally_ld10021209,10021209,2026-08-27,Meinung,Kommentar,Ruth Fulterer,617,Good news for the younger generation: Social networks are finally being forced to take responsibility,https://www.nzz.ch/meinung/meta-prozess-fuehrt-zu-einschraenkungen-von-instagram-endlich-muessen-soziale-netzwerke-verantwortung-uebernehmen-ld.10021209
2026-08-27_podcast-akzent_metal-avalanche-brenner-tyrolean-resistance-against-traffic_ld10019471,10019471,2026-08-27,Podcast,Podcast «NZZ Akzent»,Simon Schaffer,248,Metal avalanche on the Brenner: Tyrolean resistance against traffic,https://www.nzz.ch/podcast/akzent/blechlawine-am-brenner-der-tiroler-widerstand-gegen-den-verkehr-ld.10019471
2026-08-27_podcast-machtspiel_can-irregular-migration-europe-be-stopped-gerald_ld10020751,10020751,2026-08-27,Podcast,Podcast «NZZ Machtspiel»,,297,"How can irregular migration to Europe be stopped, Gerald Knaus?",https://www.nzz.ch/podcast/machtspiel/wie-kann-man-irregulaere-migration-nach-europa-beenden-gerald-knaus-ld.10020751
2026-08-27_wirtschaft_data-theft-liechtenstein-has-repercussions-switzerland-law_ld10020847,10020847,2026-08-27,Wirtschaft,,Michael Ferber,1136,"The data theft in Liechtenstein has repercussions in Switzerland. A law professor says: «If there's a scandal abroad, it inevitably spills over to us.»",https://www.nzz.ch/wirtschaft/hacker-in-liechtenstein-datendiebstahl-heizt-debatte-um-schweizer-stiftungen-an-ld.10020847
2026-08-27_wirtschaft_showdown-vw-power-center-europes-largest-industrial_ld10018376,10018376,2026-08-27,Wirtschaft,,"Jannik Belser, Berlin",1507,Showdown at VW: How the power center of Europe’s largest industrial group works,https://www.nzz.ch/wirtschaft/showdown-bei-vw-so-funktioniert-die-machtzentrale-des-groessten-industriekonzerns-in-europa-ld.10018376
2026-08-27_mobilitaet_no-fear-engine-damage-when-plug-hybrids_ld10020764,10020764,2026-08-27,Mobilität,Erklärt,Herbie Schmidt,428,No fear of engine damage: When plug-in hybrids pay off,https://www.nzz.ch/mobilitaet/keine-angst-vor-motorschaeden-wann-sich-der-plug-in-hybrid-lohnt-ld.10020764
2026-08-27_der-andere-blick_steinmeiers-succession-office-federal-president-should-not_ld10021076,10021076,2026-08-27,Der andere Blick,Der andere Blick,"Oliver Maksan, Berlin",690,Steinmeier’s Succession: The Office of the Federal President Should Not Be a Bulwark Against the Right,https://www.nzz.ch/der-andere-blick/nachfolge-steinmeiers-das-amt-des-bundespraesidenten-sollte-kein-bollwerk-gegen-rechts-sein-ld.10021076
2026-08-27_meinung_trump-speaks-loudly-wields-dry-stick_ld10020174,10020174,2026-08-27,Meinung,Kommentar,Patrick Zoll,595,Trump speaks loudly and wields a dry stick,https://www.nzz.ch/meinung/trump-spricht-laut-und-schwingt-ein-duerres-stoeckchen-ld.10020174
2026-08-27_wissenschaft_best-deter-wasps-what-helps-after-sting_ld10019306,10019306,2026-08-27,Wissenschaft,,Joana Kelén,50,How to best deter wasps? And what helps after a sting?,https://www.nzz.ch/wissenschaft/wie-lassen-sich-wespen-am-besten-vertreiben-und-was-hilft-nach-einem-stich-ld.10019306
2026-08-27_pro_spark-quickly-burned-out-september-11-2001_ld10019991,10019991,2026-08-27,Pro,,Markus Ackeret,1266,"A spark that quickly burned out: September 11, 2001 deepened the rift between Russia and the USA",https://www.nzz.ch/pro/25-jahre-nach-911-russlands-und-amerikas-gescheiterter-schulterschluss-ld.10019991
2026-08-27_international_cowshed-as-classroom-indias-cockroach-movement-denounces_ld10020556,10020556,2026-08-27,International,,"Ulrich von Schwerin, Mumbai",1038,A cowshed as a classroom: India’s Cockroach Movement denounces the state of schools,https://www.nzz.ch/international/ein-kuhstall-als-klassenzimmer-indiens-kakerlaken-bewegung-prangert-den-zustand-der-schulen-an-ld.10020556
2026-08-27_wissenschaft_does-chaos-teenager-s-room-reflect-chaos_ld10019557,10019557,2026-08-27,Wissenschaft,,Katja Nele Bode,1506,"Does the chaos in a teenager's room reflect the chaos in their mind? Experts have the same advice for desperate parents as for their offspring: «Chill out, dude.»",https://www.nzz.ch/wissenschaft/spiegelt-das-chaos-im-teenie-zimmer-das-chaos-im-jugendlichen-kopf-wider-experten-haben-denselben-rat-fuer-verzweifelte-eltern-wie-deren-nachwuchs-chill-mal-alter-ld.10019557
2026-08-27_international_between-fishing-quotas-financial-stability-iceland-votes_ld10020948,10020948,2026-08-27,International,,"Ingrid Meissl Årebo, Stockholm",955,Between fishing quotas and financial stability: Iceland votes on resuming EU accession negotiations,https://www.nzz.ch/international/island-stimmt-ueber-wiederaufnahme-der-eu-verhandlungen-ab-ld.10020948
2026-08-27_sport-leichtathletik_pole-vaulter-armand-duplantis-says-i-absolutely_ld10020806,10020806,2026-08-27,Sport,Interview,Eva Breitenstein,2010,Pole vaulter Armand Duplantis says: «I absolutely want to break a world record in Zurich.»,https://www.nzz.ch/sport/leichtathletik/weltklasse-zuerich-armand-duplantis-will-unbedingt-weltrekord-springen-ld.10020806
2026-08-27_international_naval-drones-off-romania-warning-signals-london_ld10020904,10020904,2026-08-27,International,,Jonas Roth,1038,"Naval drones off Romania, warning signals to London: Russia escalates threat to Europe",https://www.nzz.ch/international/russland-verstaerkt-die-drohkulisse-gegenueber-eu-und-nato-ld.10020904
2026-08-27_international_mail-voting-chaos-threatens-us-midterm-elections_ld10021167,10021167,2026-08-27,International,,"Niklaus Nuspliger, Washington",598,Mail-in voting chaos threatens US midterm elections,https://www.nzz.ch/international/in-den-usa-droht-bei-den-zwischenwahlen-ein-briefwahl-chaos-ld.10021167
2026-08-27_feuilleton_heidi-reichinnek-my-nightmare-renate-werwigk-once_ld10014790,10014790,2026-08-27,Feuilleton,,Lucien Scherrer,3041,"«Heidi Reichinnek? My nightmare» – Renate Werwigk once sat in a Stasi prison, today she fights against the historical revisionists of the Left and the AfD",https://www.nzz.ch/feuilleton/heidi-reichinnek-mein-albtraum-einst-sass-renate-werwigk-im-stasi-gefaengnis-heute-kaempft-sie-gegen-die-geschichtsklitterer-der-linken-und-der-afd-ld.10014790
2026-08-27_meinung_secretly-filmed-while-bathing-smart-glasses-expose_ld10020368,10020368,2026-08-27,Meinung,Kommentar,Samuel Meier,590,Secretly filmed while bathing: Smart glasses expose the rule of law,https://www.nzz.ch/meinung/heimlich-gefilmt-beim-baden-smart-glasses-fuehren-den-rechtsstaat-vor-ld.10020368
2026-08-27_meinung_fortune-hunter-distress-trump-could-be-undone_ld10012906,10012906,2026-08-27,Meinung,Kommentar,Christian Weisflog,1494,"A fortune hunter in distress: Trump could be undone by Iran, but not Trumpism",https://www.nzz.ch/meinung/ein-gluecksritter-in-noeten-an-iran-koennte-trump-zugrunde-gehen-nicht-aber-der-trumpismus-ld.10012906
2026-08-27_meinung_where-political-ethos-wanes-germany-constitution-increasingly_ld10020292,10020292,2026-08-27,Meinung,Gastkommentar,Hans Georg Maassen and Jobst Landgrebe,1078,"Where political ethos wanes: In Germany, the constitution increasingly misused to maintain power",https://www.nzz.ch/meinung/wo-das-politische-ethos-schwindet-in-deutschland-wird-die-verfassung-zunehmend-zum-machterhalt-missbraucht-ld.10020292
2026-09-03_international_war-ukraine-norway-seizes-russian-ship-arctic_ld10021245,10021245,2026-09-03,International,Live-Ticker,,49,War in Ukraine: Norway seizes Russian ship in Arctic: Zelensky warns against flights over Russia,https://www.nzz.ch/international/krieg-in-der-ukraine-cia-chef-ratcliffe-warnte-russland-laut-berichten-vor-angriff-auf-nato-ld.10021245
2026-09-02_international_iran-war-two-oil-tankers-hit-naval_ld10021246,10021246,2026-09-02,International,Live-Ticker,,75,Iran War: Two oil tankers hit naval mines in Strait of Hormuz +++ US ends wave of attacks on targets in Iran,https://www.nzz.ch/international/iran-krieg-irans-revolutionsgarden-wollen-volle-kontrolle-ueber-strasse-von-hormuz-haben-durch-die-strasse-von-hormuz-fahren-wieder-mehr-schiffe-ld.10021246
2026-09-03_panorama_flash-flood-nepal-death-toll-rises-over_ld10021247,10021247,2026-09-03,Panorama,Die neuesten Entwicklungen,NZZ Newsroom,832,Flash flood in Nepal: Death toll rises to over 1200 +++ 600 hydroelectric power plant workers still missing,https://www.nzz.ch/panorama/sturzflut-von-nepal-zahl-der-todesopfer-steigt-auf-ueber-1000-noch-immer-600-arbeiter-von-wasserkraftwerken-vermisst-ld.10021247
2026-08-27_international_market-was-gone-moments-no-escape-nepals_ld10021244,10021244,2026-08-27,International,,"Ulrich von Schwerin, Mumbai",1266,«The market was gone in moments»: No escape from Nepal’s flood disaster,https://www.nzz.ch/international/sturzflut-in-nepal-ueber-1400-vermisste-und-massive-zerstoerung-ld.10021244
2026-08-27_feuilleton-kunst_architektur_art-salvation-yayoi-kusama-queen-dots-dies_ld10021250,10021250,2026-08-27,Feuilleton,,"Kerstin Stremmel, Philipp Meier",952,"Art her salvation: Yayoi Kusama, Queen of Dots, dies at 97",https://www.nzz.ch/feuilleton/kunst_architektur/die-kunst-war-fuer-sie-lebensrettend-jetzt-ist-yayoi-kusama-die-koenigin-der-punkte-im-alter-von-97-jahren-gestorben-ld.10021250
2026-08-27_gesellschaft-tisch-oder-theke_meat-fed-but-not-without-needs_ld10020766,10020766,2026-08-27,Gesellschaft,,Urs Bühler,740,"Meat-fed, but not without needs",https://www.nzz.ch/gesellschaft/tisch-oder-theke/fleisch-aber-nicht-wunschlos-genaehrt-ld.10020766
2026-08-27_meinung_danger-loose-alliances-china-russia-others-help_ld10020960,10020960,2026-08-27,Meinung,Gastkommentar,Thomas Wright,950,"The danger of loose alliances: China, Russia, and others help each other. A formal alliance is not necessary for this",https://www.nzz.ch/meinung/die-gefahr-loser-bande-china-russland-und-co-helfen-einander-ein-festes-buendnis-braucht-es-dazu-nicht-ld.10020960
2026-08-27_wirtschaft_these-three-municipalities-zurich-area-most-attractive_ld10020248,10020248,2026-08-27,Wirtschaft,,Andrea Martel,1000,These three municipalities in the Zurich area are most attractive for families,https://www.nzz.ch/wirtschaft/wohnattraktivitaet-warum-aarau-fuer-familien-vor-zuerich-liegt-ld.10020248
2026-08-27_zuerich_fcz-ultras-raid-gc-fans-sports-hall_ld10021159,10021159,2026-08-27,Zürich,,"Michael von Ledebur, Fabian Baumgartner",1182,FCZ ultras raid GC fans in a sports hall. They feel safe in the anonymous crowd — but then a candy becomes the undoing of a ringleader,https://www.nzz.ch/zuerich/brutale-attacke-von-fcz-ultras-ricola-bringt-ermittler-auf-die-spur-von-taeter-ld.10021159
2026-08-27_international_he-ordered-genocide-bosnia-herzegovina-now-war_ld10021325,10021325,2026-08-27,International,,Andreas Ernst,887,He ordered the genocide in Bosnia-Herzegovina: Now the war criminal Ratko Mladic is dead,https://www.nzz.ch/international/der-bosnisch-serbische-kriegsverbrecher-ratko-mladic-ist-tot-ld.10021325
2026-08-27_feuilleton-musik_dolly-parton-darling-poor-rich-blacks-whites_ld10021300,10021300,2026-08-27,Feuilleton,,Ueli Bernays,997,"Dolly Parton: A darling for the poor and the rich, Blacks and whites, Republicans and Democrats",https://www.nzz.ch/feuilleton/musik/dolly-parton-die-ikone-zwischen-gesellschaftlichen-graeben-ld.10021300
2026-08-27_deutschland-politik_election-all-germany-watches-what-s-stake_ld10020721,10020721,2026-08-27,Startseite (Deutschland),,"Eric Matt, Berlin",1299,An election all of Germany watches: What's at stake in Saxony-Anhalt?,https://www.nzz.ch/deutschland/politik/es-ist-eine-wahl-auf-die-ganz-deutschland-schaut-was-steht-in-sachsen-anhalt-auf-dem-spiel-ld.10020721
2026-08-27_technologie_key-witness-meta-trial-warns-instagram-service_ld10021277,10021277,2026-08-27,Technologie,Interview,Gioia da Silva,1224,The key witness in the meta-trial warns: «Instagram is a service that invites strangers into our children's bedrooms at night.»,https://www.nzz.ch/technologie/der-kronzeuge-im-meta-prozess-warnt-instagram-ist-ein-dienst-der-fremde-in-die-schlafzimmer-unserer-kinder-einlaedt-in-der-nacht-ld.10021277
2026-08-27_schweiz_was-he-gaga-far-right-extremist-andreas_ld1890876,1890876,2026-08-27,Schweiz,,Andrea Fopp,1407,Was he a «gaga far-right extremist»? Andreas Glarner resigns,https://www.nzz.ch/schweiz/der-gaga-rechtsextremist-ld.1890876
2026-08-27_international_flash-flood-hits-beijing-s-strategic-corridor_ld10021256,10021256,2026-08-27,International,,Katrin Büchenbacher,755,Flash flood hits Beijing's strategic corridor through the Himalayas,https://www.nzz.ch/international/sturzflut-bei-nepal-und-china-warum-diese-handelsroute-so-wichtig-ist-ld.10021256
2026-08-27_international_seven-shootings-five-days-brussels-drug-war_ld10021284,10021284,2026-08-27,International,,Jonas Roth,625,Seven shootings in five days: Brussels drug war escalates,https://www.nzz.ch/international/schiessereien-in-bruessel-drogenkriminalitaet-ausser-kontrolle-ld.10021284
2026-08-27_zuerich_red-green-refuses-give-up-zurich-city_ld10021265,10021265,2026-08-27,Zürich,,Daniel Fritzsche,382,Red-Green refuses to give up: Zurich City Parliament wants to fight for cash payments for undocumented migrants before the Federal Supreme Court,https://www.nzz.ch/zuerich/bargeld-fuer-sans-papiers-zuercher-streit-erreicht-naechste-instanz-ld.10021265
2026-08-28_deutschland-panorama_two-dead-after-act-violence-brandenburg-school_ld10021347,10021347,2026-08-28,Startseite (Deutschland),,,297,Two dead after act of violence at Brandenburg school – suspect arrested,https://www.nzz.ch/deutschland/panorama/mindestens-zwei-tote-nach-gewalttat-in-brandenburger-schule-grosser-polizeieinsatz-ld.10021347
2026-08-27_schweiz_academic-slump-they-more-frequently-unemployed-than_ld10021278,10021278,2026-08-27,Schweiz,,Sebastian Briellmann,855,"The academic slump: They are more frequently unemployed than the average Swiss, often only temporarily employed – and in part-time roles at that",https://www.nzz.ch/schweiz/der-akademiker-absturz-sie-sind-haeufiger-erwerbslos-als-der-durchschnittsschweizer-oft-nur-befristet-angestellt-und-das-auch-noch-in-teilzeit-ld.10021278
2026-08-27_schweiz-sicherheitspolitik_pfister-plans-drone-robotics-center-army-civilian_ld10020356,10020356,2026-08-27,Schweiz,,"Selina Berner, Thun",831,Pfister Plans Drone and Robotics Center for Army and Civilian Emergency Services,https://www.nzz.ch/schweiz/sicherheitspolitik/pfister-plant-ein-drohnen-und-robotikzentrum-fuer-die-armee-und-zivile-blaulichtorganisationen-ld.10020356
2026-08-28_sport-eishockey_marc-luthi-new-president-swiss-ice-hockey_ld10021338,10021338,2026-08-28,Sport,,Nicola Berger,931,Marc Lüthi is the new President of Swiss Ice Hockey – can the dynamic leader bring peace to Swiss ice hockey?,https://www.nzz.ch/sport/eishockey/marc-luethi-ist-neuer-praesident-von-swiss-ice-hockey-kann-der-temperamentvolle-macher-das-schweizer-eishockey-befrieden-ld.10021338
2026-08-27_der-andere-blick_cdu-it-too-late_ld10021241,10021241,2026-08-27,Der andere Blick,Der andere Blick,"Beatrice Achterberg, Berlin",1438,"For the CDU, it is too late",https://www.nzz.ch/der-andere-blick/fuer-die-cdu-ist-alles-zu-spaet-ld.10021241
2026-08-27_sport_sina-frei-finishes-third-short-track-world_ld10021389,10021389,2026-08-27,Sport,,,297,Sina Frei finishes third in short track world championship – gold for Austria's Stigger,https://www.nzz.ch/sport/sina-frei-im-short-track-wm-dritte-gold-an-oesterreicherin-stigger-ld.10021389
2026-08-28_schweiz_valerie-dittli-founds-liberal-movement-vaud-s_ld10021390,10021390,2026-08-28,Schweiz,,"Matthias Sander, Lausanne",927,Valérie Dittli founds a liberal movement – Vaud's left is likely to rub its hands together,https://www.nzz.ch/schweiz/valerie-dittli-verlaesst-die-waadtlaender-mitte-und-will-eine-eigene-partei-gruenden-ld.10021390
2026-08-27_video_flash-flood-made-way-through-nepal_ld10021381,10021381,2026-08-27,Video,Video,"Simon Knolmayer, Raca Wita",377,This is how the flash flood made its way through Nepal,https://www.nzz.ch/video/so-hat-sich-die-sturzflut-ihren-weg-durch-nepal-gebahnt-ld.10021381
2026-08-27_sport-leichtathletik_two-world-records-weltklasse-zurich-almost-more_ld10021395,10021395,2026-08-27,Sport,,"Remo Geisser, Eva Breitenstein",928,Two world records at Weltklasse Zurich – and almost more: a magical night at Letzigrund,https://www.nzz.ch/sport/leichtathletik/weltrekord-fuer-dos-santos-in-zuerich-ld.10021395
2026-08-27_sport_next-world-record-letzigrund-american-masai-russell_ld10021397,10021397,2026-08-27,Sport,,,110,Next world record at Letzigrund: American Masai Russell runs best time in 100-meter hurdles,https://www.nzz.ch/sport/naechster-weltrekord-im-letzigrund-die-amerikanerin-masai-russell-laeuft-eine-bestzeit-ueber-100-meter-huerden-ld.10021397
2026-08-27_sport_lugano-thun-reach-conference-league-group-stage_ld10021400,10021400,2026-08-27,Sport,,,485,Lugano and Thun reach Conference League group stage – Sion and St. Gallen eliminated,https://www.nzz.ch/sport/st-gallen-scheitert-in-den-playoffs-an-nordsjaelland-ld.10021400
2026-08-27_sport-leichtathletik_first-class-run-audrey-werro-wins-champion_ld10013289,10013289,2026-08-27,Sport,,Remo Geisser,997,A first-class run: Audrey Werro wins in champion style,https://www.nzz.ch/sport/leichtathletik/ein-sturmlauf-der-extraklasse-audrey-werro-gewinnt-im-stil-einer-championne-ld.10013289
